,latitude,longitude,date,time,confidence,latitude_clean,longitude_clean
0,37.36,14.65,2022-09-01,1244,h,37.36,14.65
1,37.93,13.31,2022-09-01,1244,h,37.93,13.31
2,39.1,17.09,2022-09-02,1045,h,39.1,17.09
3,37.86,13.55,2022-09-04,1149,h,37.86,13.55
4,39.52,8.61,2022-09-05,1130,h,39.52,8.61
5,37.61,13.89,2022-09-05,1310,h,37.61,13.89
6,37.61,13.89,2022-09-05,1310,h,37.61,13.89
7,37.88,13.28,2022-09-05,1310,h,37.88,13.28
8,37.51,13.76,2022-09-06,1110,h,37.51,13.76
9,37.53,14.33,2022-09-06,1110,h,37.53,14.33
10,37.26,14.67,2022-09-06,1251,h,37.26,14.67
11,37.46,13.54,2022-09-06,1251,h,37.46,13.54
12,37.53,14.34,2022-09-06,1251,h,37.53,14.34
13,37.53,14.34,2022-09-06,1251,h,37.53,14.34
14,40.6,16.5,2022-09-07,1051,h,40.6,16.5
15,37.85,12.91,2022-09-07,1232,h,37.85,12.91
16,45.46,10.45,2022-09-09,30,h,45.46,10.45
17,37.21,14.71,2022-09-11,1117,h,37.21,14.71
18,37.35,14.49,2022-09-11,1117,h,37.35,14.49
19,37.5,13.89,2022-09-11,1117,h,37.5,13.89
20,37.5,13.9,2022-09-11,1117,h,37.5,13.9
21,37.53,14.38,2022-09-11,1117,h,37.53,14.38
22,37.55,13.44,2022-09-11,1117,h,37.55,13.44
23,37.59,13.04,2022-09-11,1117,h,37.59,13.04
24,37.6,13.95,2022-09-11,1117,h,37.6,13.95
25,37.78,12.81,2022-09-11,1117,h,37.78,12.81
26,37.79,12.94,2022-09-11,1117,h,37.79,12.94
27,37.81,13.51,2022-09-11,1117,h,37.81,13.51
28,37.81,13.51,2022-09-11,1117,h,37.81,13.51
29,37.86,13.32,2022-09-11,1117,h,37.86,13.32
30,37.86,13.32,2022-09-11,1117,h,37.86,13.32
31,37.3,14.34,2022-09-11,1255,h,37.3,14.34
32,37.43,13.83,2022-09-11,1255,h,37.43,13.83
33,37.54,13.32,2022-09-11,1255,h,37.54,13.32
34,37.54,13.32,2022-09-11,1255,h,37.54,13.32
35,37.55,13.45,2022-09-11,1255,h,37.55,13.45
36,37.55,13.45,2022-09-11,1255,h,37.55,13.45
37,37.85,12.89,2022-09-11,1255,h,37.85,12.89
38,37.86,13.2,2022-09-11,1255,h,37.86,13.2
39,37.97,15.8,2022-09-11,1255,h,37.97,15.8
40,37.98,15.81,2022-09-11,1255,h,37.98,15.81
41,37.98,15.8,2022-09-11,1255,h,37.98,15.8
42,45.15,9.94,2022-09-11,1257,h,45.15,9.94
43,37.55,13.56,2022-09-12,1058,h,37.55,13.56
44,37.74,14.06,2022-09-12,1058,h,37.74,14.06
45,37.78,13.55,2022-09-12,1058,h,37.78,13.55
46,37.79,13.55,2022-09-12,1058,h,37.79,13.55
47,36.79,14.69,2022-09-12,1238,h,36.79,14.69
48,41.31,15.42,2022-09-12,1238,h,41.31,15.42
49,40.4,16.33,2022-09-13,1041,h,40.4,16.33
50,40.41,16.33,2022-09-13,1041,h,40.41,16.33
51,41.55,15.89,2022-09-13,1219,h,41.55,15.89
52,37.95,13.72,2022-09-16,141,h,37.95,13.72
53,37.81,13.21,2022-09-16,1121,h,37.81,13.21
54,37.86,13.14,2022-09-16,1121,h,37.86,13.14
55,37.86,13.14,2022-09-16,1121,h,37.86,13.14
56,37.86,13.14,2022-09-16,1121,h,37.86,13.14
57,37.9,13.31,2022-09-16,1121,h,37.9,13.31
58,37.93,13.13,2022-09-16,1121,h,37.93,13.13
59,37.94,13.05,2022-09-16,1121,h,37.94,13.05
60,37.98,12.9,2022-09-16,1121,h,37.98,12.9
61,38.02,13.34,2022-09-16,1121,h,38.02,13.34
62,37.16,15.08,2022-09-16,1301,h,37.16,15.08
63,37.71,13.89,2022-09-16,1301,h,37.71,13.89
64,37.96,13.4,2022-09-16,1304,h,37.96,13.4
65,37.96,13.4,2022-09-16,1304,h,37.96,13.4
66,37.34,15.04,2022-09-17,1104,h,37.34,15.04
67,37.58,15.03,2022-09-17,1104,h,37.58,15.03
68,43.99,8.16,2022-09-17,1106,h,43.99,8.16
69,37.19,14.23,2022-09-17,1244,h,37.19,14.23
70,37.19,14.24,2022-09-17,1244,h,37.19,14.24
71,37.45,13.88,2022-09-17,1244,h,37.45,13.88
72,37.69,13.9,2022-09-17,1244,h,37.69,13.9
73,38.33,16.42,2022-09-17,1244,h,38.33,16.42
74,38.34,16.42,2022-09-17,1244,h,38.34,16.42
75,38.35,16.41,2022-09-17,1244,h,38.35,16.41
76,38.35,16.4,2022-09-17,1244,h,38.35,16.4
77,41.99,14.87,2022-09-17,1246,h,41.99,14.87
78,40.61,18.03,2022-09-18,1045,h,40.61,18.03
79,40.61,18.03,2022-09-18,1225,h,40.61,18.03
80,37.44,13.77,2022-09-19,1206,h,37.44,13.77
81,45.46,10.45,2022-09-20,24,h,45.46,10.45
82,45.46,10.45,2022-09-20,24,h,45.46,10.45
83,37.44,13.71,2022-09-20,1149,h,37.44,13.71
84,40.26,8.56,2022-09-21,1130,h,40.26,8.56
85,42.41,11.77,2022-09-21,1130,h,42.41,11.77
86,38.64,16.03,2022-09-22,1110,h,38.64,16.03
87,39.07,17.0,2022-09-23,1051,h,39.07,17.0
88,39.07,17.0,2022-09-23,1051,h,39.07,17.0
89,41.12,15.39,2022-09-23,1051,h,41.12,15.39
90,44.92,12.01,2022-09-23,1234,h,44.92,12.01
91,37.71,14.24,2022-10-02,1304,h,37.71,14.24
92,39.59,9.04,2022-10-02,1304,h,39.59,9.04
93,37.36,13.51,2022-10-03,1104,h,37.36,13.51
94,37.73,13.76,2022-10-03,1104,h,37.73,13.76
95,37.18,14.21,2022-10-03,1244,h,37.18,14.21
96,37.18,14.22,2022-10-03,1244,h,37.18,14.22
97,41.43,15.67,2022-10-03,1246,h,41.43,15.67
98,37.67,13.7,2022-10-05,1206,h,37.67,13.7
99,45.1,8.71,2022-10-07,1312,h,45.1,8.71
100,45.15,9.94,2022-10-07,1312,h,45.15,9.94
101,37.73,13.94,2022-10-08,1110,h,37.73,13.94
102,37.77,13.84,2022-10-08,1110,h,37.77,13.84
103,37.77,13.84,2022-10-08,1110,h,37.77,13.84
104,38.28,16.21,2022-10-08,1110,h,38.28,16.21
105,37.72,13.71,2022-10-08,1251,h,37.72,13.71
106,37.74,14.0,2022-10-08,1251,h,37.74,14.0
107,37.75,13.96,2022-10-08,1251,h,37.75,13.96
108,38.79,15.21,2022-10-12,154,h,38.79,15.21
109,39.6,9.04,2022-10-18,1304,h,39.6,9.04
110,37.28,14.71,2022-10-19,1244,h,37.28,14.71
111,37.96,15.23,2022-10-24,1251,h,37.96,15.23
112,41.6,15.42,2022-10-24,1253,h,41.6,15.42
113,41.58,15.37,2022-10-25,1051,h,41.58,15.37
114,38.16,15.41,2022-10-28,1134,h,38.16,15.41
115,39.6,9.13,2022-11-03,1304,h,39.6,9.13
116,45.15,9.94,2022-11-07,24,h,45.15,9.94
117,38.79,15.21,2022-11-09,1110,h,38.79,15.21
118,37.44,15.03,2022-11-24,7,h,37.44,15.03
119,37.44,15.03,2022-11-24,147,h,37.44,15.03
120,38.8,15.2,2022-12-05,0,h,38.8,15.2
121,37.75,15.01,2022-12-05,141,h,37.75,15.01
122,37.75,15.01,2022-12-05,141,h,37.75,15.01
123,38.79,15.21,2022-12-05,141,h,38.79,15.21
124,38.8,15.2,2022-12-05,141,h,38.8,15.2
125,38.8,15.2,2022-12-05,141,h,38.8,15.2
126,38.8,15.2,2022-12-05,141,h,38.8,15.2
127,38.8,15.21,2022-12-05,141,h,38.8,15.21
128,38.8,15.21,2022-12-05,141,h,38.8,15.21
129,38.8,15.21,2022-12-06,121,h,38.8,15.21
130,38.8,15.21,2022-12-09,26,h,38.8,15.21
131,38.79,15.21,2022-12-09,206,h,38.79,15.21
132,38.8,15.21,2022-12-09,206,h,38.8,15.21
133,38.8,15.21,2022-12-09,206,h,38.8,15.21
134,38.8,15.21,2022-12-09,206,h,38.8,15.21
135,38.8,15.22,2022-12-16,1255,h,38.8,15.22
136,37.75,15.01,2022-12-20,200,h,37.75,15.01
137,37.75,15.01,2022-12-21,143,h,37.75,15.01
138,37.75,15.03,2022-12-21,1301,h,37.75,15.03
139,37.75,15.02,2022-12-26,7,h,37.75,15.02
140,37.75,15.03,2022-12-26,7,h,37.75,15.03
141,37.75,15.01,2022-12-26,147,h,37.75,15.01
142,38.8,15.21,2022-12-26,147,h,38.8,15.21
143,37.75,15.02,2022-12-26,2348,h,37.75,15.02
144,37.75,15.01,2022-12-26,2348,h,37.75,15.01
145,37.76,15.01,2022-12-26,2348,h,37.76,15.01
146,37.74,15.03,2022-12-31,153,h,37.74,15.03
147,37.75,15.03,2022-12-31,153,h,37.75,15.03
148,37.75,15.01,2022-12-31,153,h,37.75,15.01
149,37.76,15.01,2022-12-31,153,h,37.76,15.01
150,37.75,15.03,2023-01-01,1255,h,37.75,15.03
151,37.76,15.03,2023-01-02,1057,h,37.76,15.03
152,38.8,15.21,2023-01-03,58,h,38.8,15.21
153,37.75,15.03,2023-01-05,200,h,37.75,15.03
154,37.76,15.03,2023-01-06,2,h,37.76,15.03
155,37.76,15.02,2023-01-06,2,h,37.76,15.02
156,37.76,15.02,2023-01-06,2,h,37.76,15.02
157,37.75,15.02,2023-01-13,1051,h,37.75,15.02
158,37.75,15.02,2023-01-16,153,h,37.75,15.02
159,37.75,15.01,2023-01-16,153,h,37.75,15.01
160,37.75,15.02,2023-01-16,153,h,37.75,15.02
161,45.14,9.94,2023-02-05,219,h,45.14,9.94
162,38.89,16.27,2023-02-24,1104,h,38.89,16.27
163,38.9,16.27,2023-02-24,1104,h,38.9,16.27
164,38.79,15.2,2023-02-28,7,h,38.79,15.2
165,38.79,15.21,2023-02-28,147,h,38.79,15.21
166,38.8,15.21,2023-02-28,147,h,38.8,15.21
167,38.79,15.21,2023-03-26,202,h,38.79,15.21
168,38.79,15.21,2023-03-26,202,h,38.79,15.21
169,38.8,15.21,2023-03-26,202,h,38.8,15.21
170,40.8,8.69,2023-03-26,1323,h,40.8,8.69
171,44.28,7.65,2023-04-01,1132,h,44.28,7.65
172,44.28,7.64,2023-04-01,1132,h,44.28,7.64
173,37.94,16.04,2023-04-13,1104,h,37.94,16.04
174,45.15,9.94,2023-04-15,224,h,45.15,9.94
175,38.38,16.19,2023-04-29,1246,h,38.38,16.19
176,44.94,7.51,2023-05-02,1331,h,44.94,7.51
177,37.77,12.55,2023-05-04,1253,h,37.77,12.55
178,37.77,12.55,2023-05-04,1253,h,37.77,12.55
179,45.46,10.46,2023-05-23,33,h,45.46,10.46
180,45.46,10.46,2023-05-25,1259,h,45.46,10.46
181,45.46,10.46,2023-06-08,213,h,45.46,10.46
182,39.08,8.53,2023-06-08,1155,h,39.08,8.53
183,39.41,16.25,2023-06-11,1238,h,39.41,16.25
184,39.08,9.02,2023-06-15,1123,h,39.08,9.02
185,36.98,14.42,2023-06-16,1244,h,36.98,14.42
186,37.39,15.05,2023-06-21,1110,h,37.39,15.05
187,37.39,15.05,2023-06-21,1110,h,37.39,15.05
188,39.54,8.76,2023-06-21,1113,h,39.54,8.76
189,37.01,14.35,2023-06-21,1251,h,37.01,14.35
190,40.98,16.93,2023-06-22,1232,h,40.98,16.93
191,44.94,7.51,2023-06-23,1217,h,44.94,7.51
192,41.77,15.3,2023-06-24,213,h,41.77,15.3
193,44.9,10.49,2023-06-26,1117,h,44.9,10.49
194,37.27,14.38,2023-06-26,1255,h,37.27,14.38
195,37.27,14.39,2023-06-26,1255,h,37.27,14.39
196,37.27,14.38,2023-06-26,1255,h,37.27,14.38
197,40.45,17.39,2023-06-27,1058,h,40.45,17.39
198,37.1,14.2,2023-07-02,1104,h,37.1,14.2
199,41.66,15.46,2023-07-03,1045,h,41.66,15.46
200,37.5,14.8,2023-07-03,1225,h,37.5,14.8
201,37.36,13.48,2023-07-06,1310,h,37.36,13.48
202,36.85,14.76,2023-07-07,1251,h,36.85,14.76
203,40.2,18.21,2023-07-08,1051,h,40.2,18.21
204,41.53,15.86,2023-07-08,1051,h,41.53,15.86
205,41.53,15.86,2023-07-08,1051,h,41.53,15.86
206,41.53,15.86,2023-07-08,1051,h,41.53,15.86
207,41.53,15.86,2023-07-08,1051,h,41.53,15.86
208,37.59,14.0,2023-07-08,1232,h,37.59,14.0
209,45.14,9.94,2023-07-10,213,h,45.14,9.94
210,37.31,14.45,2023-07-12,1117,h,37.31,14.45
211,45.14,9.94,2023-07-12,1117,h,45.14,9.94
212,45.15,9.94,2023-07-12,1117,h,45.15,9.94
213,37.27,14.42,2023-07-12,1255,h,37.27,14.42
214,37.28,14.43,2023-07-12,1255,h,37.28,14.43
215,37.29,14.01,2023-07-12,1255,h,37.29,14.01
216,37.98,12.62,2023-07-12,1257,h,37.98,12.62
217,40.96,16.86,2023-07-12,1257,h,40.96,16.86
218,41.08,16.84,2023-07-12,1257,h,41.08,16.84
219,41.09,16.84,2023-07-12,1257,h,41.09,16.84
220,41.44,15.78,2023-07-12,1257,h,41.44,15.78
221,37.24,14.56,2023-07-13,1058,h,37.24,14.56
222,41.39,15.55,2023-07-13,1058,h,41.39,15.55
223,41.39,15.56,2023-07-13,1240,h,41.39,15.56
224,41.39,15.56,2023-07-13,1240,h,41.39,15.56
225,41.54,15.58,2023-07-13,1240,h,41.54,15.58
226,41.69,15.85,2023-07-13,1240,h,41.69,15.85
227,41.7,15.85,2023-07-13,1240,h,41.7,15.85
228,41.7,15.86,2023-07-13,1240,h,41.7,15.86
229,41.7,15.84,2023-07-13,1240,h,41.7,15.84
230,41.7,15.85,2023-07-13,1240,h,41.7,15.85
231,41.7,15.85,2023-07-13,1240,h,41.7,15.85
232,41.42,15.87,2023-07-14,1219,h,41.42,15.87
233,41.43,15.88,2023-07-14,1219,h,41.43,15.88
234,37.42,14.78,2023-07-15,1200,h,37.42,14.78
235,39.95,18.38,2023-07-16,1142,h,39.95,18.38
236,37.95,12.94,2023-07-17,3,h,37.95,12.94
237,37.94,12.96,2023-07-17,1121,h,37.94,12.96
238,37.95,12.95,2023-07-17,1121,h,37.95,12.95
239,37.95,12.96,2023-07-17,1121,h,37.95,12.96
240,37.95,12.96,2023-07-17,1121,h,37.95,12.96
241,37.95,12.96,2023-07-17,1121,h,37.95,12.96
242,37.95,12.95,2023-07-17,1304,h,37.95,12.95
243,37.95,12.95,2023-07-17,1304,h,37.95,12.95
244,37.18,14.08,2023-07-18,1102,h,37.18,14.08
245,37.25,13.78,2023-07-18,1102,h,37.25,13.78
246,37.25,13.78,2023-07-18,1102,h,37.25,13.78
247,37.41,13.32,2023-07-18,1102,h,37.41,13.32
248,37.54,14.59,2023-07-18,1102,h,37.54,14.59
249,37.54,14.6,2023-07-18,1102,h,37.54,14.6
250,37.6,13.24,2023-07-18,1104,h,37.6,13.24
251,39.09,17.1,2023-07-18,1104,h,39.09,17.1
252,40.01,18.33,2023-07-18,1104,h,40.01,18.33
253,41.33,15.62,2023-07-18,1104,h,41.33,15.62
254,41.42,15.96,2023-07-18,1104,h,41.42,15.96
255,36.98,15.22,2023-07-18,1244,h,36.98,15.22
256,37.05,14.41,2023-07-18,1244,h,37.05,14.41
257,37.08,14.39,2023-07-18,1244,h,37.08,14.39
258,37.08,14.4,2023-07-18,1244,h,37.08,14.4
259,37.17,14.08,2023-07-18,1244,h,37.17,14.08
260,37.2,13.98,2023-07-18,1244,h,37.2,13.98
261,37.2,13.98,2023-07-18,1244,h,37.2,13.98
262,37.22,14.22,2023-07-18,1244,h,37.22,14.22
263,37.24,14.49,2023-07-18,1244,h,37.24,14.49
264,37.24,14.5,2023-07-18,1244,h,37.24,14.5
265,37.24,14.49,2023-07-18,1244,h,37.24,14.49
266,37.24,14.5,2023-07-18,1244,h,37.24,14.5
267,37.24,14.5,2023-07-18,1244,h,37.24,14.5
268,37.24,14.5,2023-07-18,1244,h,37.24,14.5
269,37.25,14.49,2023-07-18,1244,h,37.25,14.49
270,37.25,14.49,2023-07-18,1244,h,37.25,14.49
271,37.25,14.49,2023-07-18,1244,h,37.25,14.49
272,37.25,14.49,2023-07-18,1244,h,37.25,14.49
273,37.25,14.49,2023-07-18,1244,h,37.25,14.49
274,37.6,13.22,2023-07-18,1244,h,37.6,13.22
275,37.6,13.22,2023-07-18,1244,h,37.6,13.22
276,37.89,15.29,2023-07-18,1244,h,37.89,15.29
277,39.92,18.32,2023-07-18,1246,h,39.92,18.32
278,39.92,18.32,2023-07-18,1246,h,39.92,18.32
279,39.99,18.33,2023-07-18,1246,h,39.99,18.33
280,39.99,18.33,2023-07-18,1246,h,39.99,18.33
281,39.99,18.33,2023-07-18,1246,h,39.99,18.33
282,39.99,18.33,2023-07-18,1246,h,39.99,18.33
283,39.99,18.34,2023-07-18,1246,h,39.99,18.34
284,40.0,18.33,2023-07-18,1246,h,40.0,18.33
285,40.0,18.33,2023-07-18,1246,h,40.0,18.33
286,40.01,18.43,2023-07-18,1246,h,40.01,18.43
287,40.12,18.01,2023-07-18,1246,h,40.12,18.01
288,40.12,18.01,2023-07-18,1246,h,40.12,18.01
289,40.39,18.15,2023-07-18,1246,h,40.39,18.15
290,40.61,16.91,2023-07-18,1246,h,40.61,16.91
291,40.61,16.9,2023-07-18,1246,h,40.61,16.9
292,40.84,16.32,2023-07-18,1246,h,40.84,16.32
293,41.64,15.67,2023-07-19,1045,h,41.64,15.67
294,41.64,15.67,2023-07-19,1045,h,41.64,15.67
295,41.42,15.77,2023-07-19,1225,h,41.42,15.77
296,41.64,15.66,2023-07-19,1225,h,41.64,15.66
297,41.64,15.66,2023-07-19,1225,h,41.64,15.66
298,41.64,15.67,2023-07-19,1225,h,41.64,15.67
299,37.15,14.08,2023-07-20,1206,h,37.15,14.08
300,37.15,14.06,2023-07-20,1206,h,37.15,14.06
301,37.25,14.01,2023-07-20,1206,h,37.25,14.01
302,41.07,15.72,2023-07-21,1147,h,41.07,15.72
303,37.31,14.28,2023-07-21,1149,h,37.31,14.28
304,37.72,13.18,2023-07-22,147,h,37.72,13.18
305,37.72,13.18,2023-07-22,147,h,37.72,13.18
306,37.72,13.18,2023-07-22,147,h,37.72,13.18
307,37.97,15.77,2023-07-22,1128,h,37.97,15.77
308,37.97,15.78,2023-07-22,1128,h,37.97,15.78
309,38.09,15.76,2023-07-22,1128,h,38.09,15.76
310,37.19,14.25,2023-07-22,1310,h,37.19,14.25
311,37.19,14.25,2023-07-22,1310,h,37.19,14.25
312,39.57,16.52,2023-07-22,2348,h,39.57,16.52
313,39.57,16.52,2023-07-22,2348,h,39.57,16.52
314,36.88,14.96,2023-07-23,1110,h,36.88,14.96
315,37.16,14.47,2023-07-23,1110,h,37.16,14.47
316,37.17,14.47,2023-07-23,1110,h,37.17,14.47
317,37.32,14.5,2023-07-23,1110,h,37.32,14.5
318,37.32,14.49,2023-07-23,1110,h,37.32,14.49
319,37.32,14.5,2023-07-23,1110,h,37.32,14.5
320,37.34,14.18,2023-07-23,1110,h,37.34,14.18
321,37.35,13.53,2023-07-23,1110,h,37.35,13.53
322,37.36,13.52,2023-07-23,1110,h,37.36,13.52
323,37.36,13.53,2023-07-23,1110,h,37.36,13.53
324,37.42,14.87,2023-07-23,1110,h,37.42,14.87
325,37.42,14.3,2023-07-23,1110,h,37.42,14.3
326,37.43,14.29,2023-07-23,1110,h,37.43,14.29
327,37.83,12.82,2023-07-23,1110,h,37.83,12.82
328,37.83,12.82,2023-07-23,1110,h,37.83,12.82
329,37.86,13.12,2023-07-23,1110,h,37.86,13.12
330,37.95,12.65,2023-07-23,1110,h,37.95,12.65
331,37.96,12.58,2023-07-23,1110,h,37.96,12.58
332,37.96,12.58,2023-07-23,1110,h,37.96,12.58
333,38.06,15.73,2023-07-23,1110,h,38.06,15.73
334,38.06,15.73,2023-07-23,1110,h,38.06,15.73
335,36.88,14.96,2023-07-23,1251,h,36.88,14.96
336,36.88,14.96,2023-07-23,1251,h,36.88,14.96
337,37.23,14.4,2023-07-23,1251,h,37.23,14.4
338,37.27,14.04,2023-07-23,1251,h,37.27,14.04
339,37.32,13.64,2023-07-23,1251,h,37.32,13.64
340,37.33,14.5,2023-07-23,1251,h,37.33,14.5
341,37.33,14.48,2023-07-23,1251,h,37.33,14.48
342,37.34,14.48,2023-07-23,1251,h,37.34,14.48
343,37.38,13.45,2023-07-23,1251,h,37.38,13.45
344,37.39,13.45,2023-07-23,1251,h,37.39,13.45
345,37.42,14.29,2023-07-23,1251,h,37.42,14.29
346,37.42,14.29,2023-07-23,1251,h,37.42,14.29
347,37.42,14.29,2023-07-23,1251,h,37.42,14.29
348,37.42,14.29,2023-07-23,1251,h,37.42,14.29
349,37.43,14.31,2023-07-23,1251,h,37.43,14.31
350,37.49,14.08,2023-07-23,1251,h,37.49,14.08
351,37.67,15.17,2023-07-23,1251,h,37.67,15.17
352,37.85,12.74,2023-07-23,1251,h,37.85,12.74
353,37.92,13.04,2023-07-23,1251,h,37.92,13.04
354,37.93,12.65,2023-07-23,1251,h,37.93,12.65
355,37.95,12.63,2023-07-23,1251,h,37.95,12.63
356,37.95,15.81,2023-07-23,1251,h,37.95,15.81
357,37.96,12.65,2023-07-23,1251,h,37.96,12.65
358,38.06,15.73,2023-07-23,1251,h,38.06,15.73
359,38.06,15.73,2023-07-23,1251,h,38.06,15.73
360,41.0,15.96,2023-07-23,1253,h,41.0,15.96
361,41.0,15.95,2023-07-23,1253,h,41.0,15.95
362,45.71,11.39,2023-07-23,1253,h,45.71,11.39
363,45.71,11.39,2023-07-23,1253,h,45.71,11.39
364,45.71,11.4,2023-07-23,1253,h,45.71,11.4
365,37.49,14.35,2023-07-24,1051,h,37.49,14.35
366,37.49,14.34,2023-07-24,1051,h,37.49,14.34
367,37.49,14.35,2023-07-24,1051,h,37.49,14.35
368,37.49,14.36,2023-07-24,1051,h,37.49,14.36
369,37.5,14.36,2023-07-24,1051,h,37.5,14.36
370,37.5,14.36,2023-07-24,1051,h,37.5,14.36
371,37.54,14.77,2023-07-24,1051,h,37.54,14.77
372,37.55,14.78,2023-07-24,1051,h,37.55,14.78
373,38.16,15.7,2023-07-24,1051,h,38.16,15.7
374,40.14,18.32,2023-07-24,1051,h,40.14,18.32
375,40.21,18.24,2023-07-24,1051,h,40.21,18.24
376,40.24,18.0,2023-07-24,1051,h,40.24,18.0
377,40.24,18.0,2023-07-24,1051,h,40.24,18.0
378,40.92,16.2,2023-07-24,1051,h,40.92,16.2
379,41.46,15.42,2023-07-24,1051,h,41.46,15.42
380,41.63,15.49,2023-07-24,1051,h,41.63,15.49
381,36.68,15.13,2023-07-24,1232,h,36.68,15.13
382,37.37,14.03,2023-07-24,1232,h,37.37,14.03
383,37.42,14.13,2023-07-24,1232,h,37.42,14.13
384,37.42,14.1,2023-07-24,1232,h,37.42,14.1
385,37.43,13.72,2023-07-24,1232,h,37.43,13.72
386,37.49,14.36,2023-07-24,1232,h,37.49,14.36
387,37.5,14.35,2023-07-24,1232,h,37.5,14.35
388,37.52,14.78,2023-07-24,1232,h,37.52,14.78
389,37.54,14.78,2023-07-24,1232,h,37.54,14.78
390,37.56,14.92,2023-07-24,1232,h,37.56,14.92
391,37.56,14.92,2023-07-24,1232,h,37.56,14.92
392,37.85,13.8,2023-07-24,1232,h,37.85,13.8
393,37.86,13.8,2023-07-24,1232,h,37.86,13.8
394,37.95,13.27,2023-07-24,1232,h,37.95,13.27
395,38.13,13.11,2023-07-24,1232,h,38.13,13.11
396,38.14,13.11,2023-07-24,1232,h,38.14,13.11
397,38.14,13.11,2023-07-24,1232,h,38.14,13.11
398,38.16,15.7,2023-07-24,1232,h,38.16,15.7
399,39.27,8.87,2023-07-24,1232,h,39.27,8.87
400,39.27,8.87,2023-07-24,1232,h,39.27,8.87
401,39.27,8.88,2023-07-24,1232,h,39.27,8.88
402,40.69,16.37,2023-07-24,1232,h,40.69,16.37
403,37.94,12.83,2023-07-25,52,h,37.94,12.83
404,38.03,13.29,2023-07-25,52,h,38.03,13.29
405,38.07,13.35,2023-07-25,52,h,38.07,13.35
406,38.14,12.77,2023-07-25,52,h,38.14,12.77
407,38.16,13.28,2023-07-25,52,h,38.16,13.28
408,38.16,12.76,2023-07-25,52,h,38.16,12.76
409,38.17,13.28,2023-07-25,52,h,38.17,13.28
410,38.18,13.28,2023-07-25,52,h,38.18,13.28
411,38.18,13.29,2023-07-25,52,h,38.18,13.29
412,38.18,13.28,2023-07-25,52,h,38.18,13.28
413,38.18,13.28,2023-07-25,52,h,38.18,13.28
414,38.19,13.29,2023-07-25,52,h,38.19,13.29
415,38.26,15.55,2023-07-25,52,h,38.26,15.55
416,36.8,12.04,2023-07-25,1212,h,36.8,12.04
417,36.8,12.04,2023-07-25,1212,h,36.8,12.04
418,37.05,15.12,2023-07-25,1212,h,37.05,15.12
419,37.05,15.12,2023-07-25,1212,h,37.05,15.12
420,37.18,15.15,2023-07-25,1212,h,37.18,15.15
421,37.18,15.14,2023-07-25,1212,h,37.18,15.14
422,37.25,15.08,2023-07-25,1212,h,37.25,15.08
423,37.25,15.08,2023-07-25,1212,h,37.25,15.08
424,37.25,15.09,2023-07-25,1212,h,37.25,15.09
425,37.25,14.25,2023-07-25,1212,h,37.25,14.25
426,37.26,15.1,2023-07-25,1212,h,37.26,15.1
427,37.27,15.11,2023-07-25,1212,h,37.27,15.11
428,37.55,15.04,2023-07-25,1214,h,37.55,15.04
429,37.55,15.04,2023-07-25,1214,h,37.55,15.04
430,37.57,15.13,2023-07-25,1214,h,37.57,15.13
431,37.57,15.14,2023-07-25,1214,h,37.57,15.14
432,37.63,13.67,2023-07-25,1214,h,37.63,13.67
433,37.68,14.11,2023-07-25,1214,h,37.68,14.11
434,37.68,14.12,2023-07-25,1214,h,37.68,14.12
435,37.72,15.21,2023-07-25,1214,h,37.72,15.21
436,37.72,15.13,2023-07-25,1214,h,37.72,15.13
437,37.73,15.14,2023-07-25,1214,h,37.73,15.14
438,37.77,15.2,2023-07-25,1214,h,37.77,15.2
439,37.77,15.2,2023-07-25,1214,h,37.77,15.2
440,37.78,15.2,2023-07-25,1214,h,37.78,15.2
441,37.8,13.89,2023-07-25,1214,h,37.8,13.89
442,37.81,13.89,2023-07-25,1214,h,37.81,13.89
443,37.84,13.79,2023-07-25,1214,h,37.84,13.79
444,37.85,13.79,2023-07-25,1214,h,37.85,13.79
445,37.85,13.79,2023-07-25,1214,h,37.85,13.79
446,37.85,13.78,2023-07-25,1214,h,37.85,13.78
447,37.85,13.78,2023-07-25,1214,h,37.85,13.78
448,37.85,13.78,2023-07-25,1214,h,37.85,13.78
449,37.87,13.06,2023-07-25,1214,h,37.87,13.06
450,37.88,13.82,2023-07-25,1214,h,37.88,13.82
451,37.88,13.04,2023-07-25,1214,h,37.88,13.04
452,37.88,13.85,2023-07-25,1214,h,37.88,13.85
453,37.89,13.85,2023-07-25,1214,h,37.89,13.85
454,37.92,13.83,2023-07-25,1214,h,37.92,13.83
455,37.92,13.83,2023-07-25,1214,h,37.92,13.83
456,37.96,13.3,2023-07-25,1214,h,37.96,13.3
457,37.97,13.99,2023-07-25,1214,h,37.97,13.99
458,37.97,13.99,2023-07-25,1214,h,37.97,13.99
459,37.97,14.0,2023-07-25,1214,h,37.97,14.0
460,37.99,14.0,2023-07-25,1214,h,37.99,14.0
461,37.99,14.02,2023-07-25,1214,h,37.99,14.02
462,37.99,14.01,2023-07-25,1214,h,37.99,14.01
463,37.99,14.0,2023-07-25,1214,h,37.99,14.0
464,38.0,14.03,2023-07-25,1214,h,38.0,14.03
465,38.0,14.03,2023-07-25,1214,h,38.0,14.03
466,38.0,14.03,2023-07-25,1214,h,38.0,14.03
467,38.0,14.03,2023-07-25,1214,h,38.0,14.03
468,38.01,15.33,2023-07-25,1214,h,38.01,15.33
469,38.04,13.18,2023-07-25,1214,h,38.04,13.18
470,38.04,13.19,2023-07-25,1214,h,38.04,13.19
471,38.09,15.71,2023-07-25,1214,h,38.09,15.71
472,38.09,15.79,2023-07-25,1214,h,38.09,15.79
473,38.1,14.99,2023-07-25,1214,h,38.1,14.99
474,38.1,15.79,2023-07-25,1214,h,38.1,15.79
475,38.1,15.02,2023-07-25,1214,h,38.1,15.02
476,38.1,13.27,2023-07-25,1214,h,38.1,13.27
477,38.1,15.71,2023-07-25,1214,h,38.1,15.71
478,38.1,13.27,2023-07-25,1214,h,38.1,13.27
479,38.1,14.99,2023-07-25,1214,h,38.1,14.99
480,38.1,15.02,2023-07-25,1214,h,38.1,15.02
481,38.11,15.0,2023-07-25,1214,h,38.11,15.0
482,38.11,15.03,2023-07-25,1214,h,38.11,15.03
483,38.11,15.0,2023-07-25,1214,h,38.11,15.0
484,38.11,13.26,2023-07-25,1214,h,38.11,13.26
485,38.11,15.01,2023-07-25,1214,h,38.11,15.01
486,38.11,13.27,2023-07-25,1214,h,38.11,13.27
487,38.11,14.99,2023-07-25,1214,h,38.11,14.99
488,38.11,13.28,2023-07-25,1214,h,38.11,13.28
489,38.11,15.02,2023-07-25,1214,h,38.11,15.02
490,38.11,15.03,2023-07-25,1214,h,38.11,15.03
491,38.11,15.0,2023-07-25,1214,h,38.11,15.0
492,38.11,15.03,2023-07-25,1214,h,38.11,15.03
493,38.11,13.28,2023-07-25,1214,h,38.11,13.28
494,38.14,16.09,2023-07-25,1214,h,38.14,16.09
495,38.14,16.1,2023-07-25,1214,h,38.14,16.1
496,38.14,16.09,2023-07-25,1214,h,38.14,16.09
497,38.14,16.1,2023-07-25,1214,h,38.14,16.1
498,38.15,16.09,2023-07-25,1214,h,38.15,16.09
499,38.16,15.71,2023-07-25,1214,h,38.16,15.71
500,38.16,15.72,2023-07-25,1214,h,38.16,15.72
501,38.26,15.54,2023-07-25,1214,h,38.26,15.54
502,38.26,15.53,2023-07-25,1214,h,38.26,15.53
503,38.27,15.53,2023-07-25,1214,h,38.27,15.53
504,38.27,15.54,2023-07-25,1214,h,38.27,15.54
505,38.28,15.55,2023-07-25,1214,h,38.28,15.55
506,38.28,15.55,2023-07-25,1214,h,38.28,15.55
507,39.5,16.37,2023-07-25,1214,h,39.5,16.37
508,40.25,18.2,2023-07-25,1214,h,40.25,18.2
509,37.96,15.34,2023-07-26,33,h,37.96,15.34
510,37.15,14.98,2023-07-26,35,h,37.15,14.98
511,40.07,18.35,2023-07-27,1136,h,40.07,18.35
512,39.98,9.58,2023-07-27,1316,h,39.98,9.58
513,43.84,7.54,2023-07-27,1318,h,43.84,7.54
514,44.94,7.51,2023-07-27,1318,h,44.94,7.51
515,37.21,15.17,2023-07-28,137,h,37.21,15.17
516,40.46,17.28,2023-07-28,1119,h,40.46,17.28
517,39.61,8.86,2023-07-28,1257,h,39.61,8.86
518,41.78,12.61,2023-07-29,1058,h,41.78,12.61
519,41.78,12.61,2023-07-29,1058,h,41.78,12.61
520,41.14,15.79,2023-07-29,1240,h,41.14,15.79
521,41.8,15.11,2023-07-29,1240,h,41.8,15.11
522,40.35,17.65,2023-07-30,1041,h,40.35,17.65
523,40.66,17.63,2023-07-30,1041,h,40.66,17.63
524,40.66,17.63,2023-07-30,1041,h,40.66,17.63
525,37.47,13.5,2023-07-30,1219,h,37.47,13.5
526,37.21,13.92,2023-07-31,1200,h,37.21,13.92
527,37.21,13.92,2023-07-31,1200,h,37.21,13.92
528,39.25,9.2,2023-08-01,1323,h,39.25,9.2
529,37.16,14.16,2023-08-02,1121,h,37.16,14.16
530,37.17,14.17,2023-08-02,1121,h,37.17,14.17
531,37.16,14.18,2023-08-02,1304,h,37.16,14.18
532,37.16,14.19,2023-08-02,1304,h,37.16,14.19
533,37.18,14.18,2023-08-02,1304,h,37.18,14.18
534,37.18,14.19,2023-08-02,1304,h,37.18,14.19
535,37.19,14.19,2023-08-02,1304,h,37.19,14.19
536,37.41,13.98,2023-08-02,1304,h,37.41,13.98
537,37.41,13.98,2023-08-02,1304,h,37.41,13.98
538,37.95,12.61,2023-08-02,1304,h,37.95,12.61
539,39.34,8.93,2023-08-02,1304,h,39.34,8.93
540,37.69,15.17,2023-08-03,1104,h,37.69,15.17
541,37.69,15.17,2023-08-03,1104,h,37.69,15.17
542,38.94,17.07,2023-08-03,1104,h,38.94,17.07
543,40.68,16.75,2023-08-03,1104,h,40.68,16.75
544,40.68,16.75,2023-08-03,1104,h,40.68,16.75
545,41.02,16.0,2023-08-03,1104,h,41.02,16.0
546,41.24,15.8,2023-08-03,1104,h,41.24,15.8
547,41.64,15.5,2023-08-03,1104,h,41.64,15.5
548,41.65,15.56,2023-08-03,1104,h,41.65,15.56
549,37.3,14.04,2023-08-03,1244,h,37.3,14.04
550,37.31,14.04,2023-08-03,1244,h,37.31,14.04
551,37.57,14.3,2023-08-03,1244,h,37.57,14.3
552,40.45,17.31,2023-08-03,1246,h,40.45,17.31
553,40.45,17.31,2023-08-03,1246,h,40.45,17.31
554,40.46,17.31,2023-08-03,1246,h,40.46,17.31
555,40.81,16.56,2023-08-03,1246,h,40.81,16.56
556,40.81,16.56,2023-08-03,1246,h,40.81,16.56
557,40.81,16.56,2023-08-03,1246,h,40.81,16.56
558,41.0,15.75,2023-08-03,1246,h,41.0,15.75
559,41.0,15.75,2023-08-03,1246,h,41.0,15.75
560,41.1,15.59,2023-08-03,1246,h,41.1,15.59
561,41.1,15.59,2023-08-03,1246,h,41.1,15.59
562,39.07,17.1,2023-08-04,1045,h,39.07,17.1
563,39.07,17.1,2023-08-04,1045,h,39.07,17.1
564,40.92,16.13,2023-08-04,1045,h,40.92,16.13
565,40.93,16.13,2023-08-04,1045,h,40.93,16.13
566,41.46,15.36,2023-08-04,1045,h,41.46,15.36
567,41.54,15.55,2023-08-04,1045,h,41.54,15.55
568,41.82,15.13,2023-08-04,1045,h,41.82,15.13
569,39.35,9.56,2023-08-06,26,h,39.35,9.56
570,39.85,9.51,2023-08-06,206,h,39.85,9.51
571,39.27,9.57,2023-08-06,1147,h,39.27,9.57
572,39.13,8.47,2023-08-06,1329,h,39.13,8.47
573,39.13,8.47,2023-08-06,1329,h,39.13,8.47
574,39.13,8.47,2023-08-06,1329,h,39.13,8.47
575,39.23,9.21,2023-08-06,1329,h,39.23,9.21
576,39.24,9.21,2023-08-06,1329,h,39.24,9.21
577,39.28,9.59,2023-08-06,1329,h,39.28,9.59
578,39.28,9.59,2023-08-06,1329,h,39.28,9.59
579,39.28,9.59,2023-08-06,1329,h,39.28,9.59
580,39.28,9.56,2023-08-06,1329,h,39.28,9.56
581,39.28,9.58,2023-08-06,1329,h,39.28,9.58
582,40.6,9.74,2023-08-06,1329,h,40.6,9.74
583,40.6,9.74,2023-08-06,1329,h,40.6,9.74
584,40.6,9.73,2023-08-06,1329,h,40.6,9.73
585,40.61,9.75,2023-08-06,1329,h,40.61,9.75
586,40.61,9.74,2023-08-06,1329,h,40.61,9.74
587,40.61,9.72,2023-08-06,1329,h,40.61,9.72
588,40.61,9.75,2023-08-06,1329,h,40.61,9.75
589,40.61,9.74,2023-08-06,1329,h,40.61,9.74
590,40.61,9.72,2023-08-06,1329,h,40.61,9.72
591,40.61,9.71,2023-08-06,1329,h,40.61,9.71
592,40.62,9.73,2023-08-06,1329,h,40.62,9.73
593,40.62,9.74,2023-08-06,1329,h,40.62,9.74
594,40.62,9.73,2023-08-06,1329,h,40.62,9.73
595,40.62,9.71,2023-08-06,1329,h,40.62,9.71
596,44.94,7.51,2023-08-06,1331,h,44.94,7.51
597,41.79,15.18,2023-08-07,145,h,41.79,15.18
598,41.79,15.18,2023-08-07,145,h,41.79,15.18
599,41.8,15.18,2023-08-07,145,h,41.8,15.18
600,37.05,15.1,2023-08-07,1128,h,37.05,15.1
601,39.18,9.57,2023-08-07,1130,h,39.18,9.57
602,37.66,13.11,2023-08-07,1310,h,37.66,13.11
603,37.66,13.11,2023-08-07,1310,h,37.66,13.11
604,37.1,14.4,2023-08-08,1110,h,37.1,14.4
605,37.1,14.4,2023-08-08,1110,h,37.1,14.4
606,39.07,17.0,2023-08-08,1253,h,39.07,17.0
607,39.07,17.0,2023-08-08,1253,h,39.07,17.0
608,40.88,16.21,2023-08-09,1051,h,40.88,16.21
609,41.76,15.36,2023-08-09,1051,h,41.76,15.36
610,37.89,13.13,2023-08-09,1232,h,37.89,13.13
611,40.28,16.73,2023-08-09,1232,h,40.28,16.73
612,40.28,16.72,2023-08-09,1232,h,40.28,16.72
613,40.63,16.83,2023-08-10,1034,h,40.63,16.83
614,40.63,16.83,2023-08-10,1034,h,40.63,16.83
615,37.38,14.49,2023-08-12,1136,h,37.38,14.49
616,37.05,15.15,2023-08-13,1117,h,37.05,15.15
617,37.26,14.58,2023-08-13,1117,h,37.26,14.58
618,37.26,14.59,2023-08-13,1117,h,37.26,14.59
619,37.26,14.0,2023-08-13,1117,h,37.26,14.0
620,37.27,14.0,2023-08-13,1117,h,37.27,14.0
621,41.25,15.62,2023-08-13,1119,h,41.25,15.62
622,37.03,14.5,2023-08-13,1255,h,37.03,14.5
623,37.85,13.09,2023-08-13,1257,h,37.85,13.09
624,41.75,15.06,2023-08-13,1257,h,41.75,15.06
625,37.4,14.62,2023-08-14,1058,h,37.4,14.62
626,37.83,12.92,2023-08-14,1058,h,37.83,12.92
627,37.83,12.92,2023-08-14,1058,h,37.83,12.92
628,39.74,16.15,2023-08-14,1058,h,39.74,16.15
629,39.75,16.15,2023-08-14,1058,h,39.75,16.15
630,40.93,15.93,2023-08-14,1058,h,40.93,15.93
631,40.93,15.93,2023-08-14,1058,h,40.93,15.93
632,40.93,15.93,2023-08-14,1058,h,40.93,15.93
633,40.93,15.93,2023-08-14,1058,h,40.93,15.93
634,40.94,15.93,2023-08-14,1058,h,40.94,15.93
635,41.02,15.73,2023-08-14,1058,h,41.02,15.73
636,41.65,15.49,2023-08-14,1240,h,41.65,15.49
637,41.71,15.11,2023-08-14,1240,h,41.71,15.11
638,41.45,15.79,2023-08-15,1041,h,41.45,15.79
639,41.45,15.79,2023-08-15,1041,h,41.45,15.79
640,37.34,14.93,2023-08-16,1200,h,37.34,14.93
641,37.86,12.97,2023-08-16,1200,h,37.86,12.97
642,40.5,17.83,2023-08-16,1202,h,40.5,17.83
643,37.91,12.57,2023-08-17,1142,h,37.91,12.57
644,37.79,12.75,2023-08-18,1121,h,37.79,12.75
645,37.79,12.75,2023-08-18,1121,h,37.79,12.75
646,37.87,13.14,2023-08-18,1121,h,37.87,13.14
647,37.89,13.01,2023-08-18,1304,h,37.89,13.01
648,37.52,13.77,2023-08-19,1104,h,37.52,13.77
649,37.75,14.4,2023-08-19,1104,h,37.75,14.4
650,37.83,12.62,2023-08-19,1104,h,37.83,12.62
651,40.73,16.51,2023-08-19,1104,h,40.73,16.51
652,40.82,16.21,2023-08-19,1104,h,40.82,16.21
653,40.86,16.16,2023-08-19,1104,h,40.86,16.16
654,41.05,15.67,2023-08-19,1104,h,41.05,15.67
655,41.69,15.85,2023-08-19,1104,h,41.69,15.85
656,41.69,15.84,2023-08-19,1104,h,41.69,15.84
657,37.12,14.46,2023-08-19,1244,h,37.12,14.46
658,37.12,14.37,2023-08-19,1244,h,37.12,14.37
659,37.12,14.47,2023-08-19,1244,h,37.12,14.47
660,37.34,14.55,2023-08-19,1244,h,37.34,14.55
661,37.85,14.91,2023-08-19,1244,h,37.85,14.91
662,40.74,15.81,2023-08-19,1246,h,40.74,15.81
663,40.9,16.25,2023-08-19,1246,h,40.9,16.25
664,40.9,16.25,2023-08-19,1246,h,40.9,16.25
665,40.06,18.25,2023-08-20,1045,h,40.06,18.25
666,40.68,16.98,2023-08-20,1045,h,40.68,16.98
667,42.01,14.72,2023-08-20,1045,h,42.01,14.72
668,40.06,18.24,2023-08-20,1225,h,40.06,18.24
669,41.1,14.35,2023-08-20,1225,h,41.1,14.35
670,43.86,7.77,2023-08-22,26,h,43.86,7.77
671,37.64,13.27,2023-08-22,206,h,37.64,13.27
672,37.71,12.7,2023-08-22,1149,h,37.71,12.7
673,38.03,16.07,2023-08-22,1149,h,38.03,16.07
674,43.89,7.84,2023-08-22,1149,h,43.89,7.84
675,43.89,7.83,2023-08-22,1149,h,43.89,7.83
676,41.16,13.89,2023-08-23,145,h,41.16,13.89
677,41.17,13.89,2023-08-23,145,h,41.17,13.89
678,38.16,15.74,2023-08-23,1128,h,38.16,15.74
679,37.8,13.95,2023-08-23,1310,h,37.8,13.95
680,36.94,14.72,2023-08-24,1110,h,36.94,14.72
681,37.48,13.24,2023-08-24,1110,h,37.48,13.24
682,37.48,13.23,2023-08-24,1110,h,37.48,13.23
683,37.84,12.7,2023-08-24,1110,h,37.84,12.7
684,40.96,14.86,2023-08-24,1110,h,40.96,14.86
685,40.97,14.86,2023-08-24,1110,h,40.97,14.86
686,37.2,14.11,2023-08-24,1251,h,37.2,14.11
687,37.48,13.24,2023-08-24,1251,h,37.48,13.24
688,37.82,12.91,2023-08-24,1251,h,37.82,12.91
689,37.82,12.91,2023-08-24,1251,h,37.82,12.91
690,37.84,12.7,2023-08-24,1251,h,37.84,12.7
691,37.92,12.6,2023-08-24,1251,h,37.92,12.6
692,37.92,12.71,2023-08-24,1251,h,37.92,12.71
693,37.99,12.68,2023-08-24,1251,h,37.99,12.68
694,38.21,16.16,2023-08-24,1251,h,38.21,16.16
695,40.25,14.99,2023-08-24,1253,h,40.25,14.99
696,40.72,14.8,2023-08-24,1253,h,40.72,14.8
697,40.72,14.8,2023-08-24,1253,h,40.72,14.8
698,40.87,16.16,2023-08-24,1253,h,40.87,16.16
699,40.61,16.61,2023-08-25,1051,h,40.61,16.61
700,40.78,16.55,2023-08-25,1051,h,40.78,16.55
701,40.78,16.54,2023-08-25,1051,h,40.78,16.54
702,40.79,16.64,2023-08-25,1051,h,40.79,16.64
703,40.79,16.64,2023-08-25,1051,h,40.79,16.64
704,41.4,13.68,2023-08-25,1051,h,41.4,13.68
705,41.41,13.69,2023-08-25,1051,h,41.41,13.69
706,41.41,13.69,2023-08-25,1051,h,41.41,13.69
707,37.84,12.94,2023-08-25,1232,h,37.84,12.94
708,39.03,17.15,2023-08-25,1232,h,39.03,17.15
709,45.15,9.94,2023-08-26,230,h,45.15,9.94
710,37.84,12.93,2023-08-26,1214,h,37.84,12.93
711,37.57,13.42,2023-08-27,1153,h,37.57,13.42
712,37.85,15.05,2023-08-27,1153,h,37.85,15.05
713,37.86,12.79,2023-08-27,1153,h,37.86,12.79
714,37.88,12.79,2023-08-27,1153,h,37.88,12.79
715,37.9,13.23,2023-08-27,1153,h,37.9,13.23
716,37.9,13.29,2023-08-27,1153,h,37.9,13.29
717,38.07,12.82,2023-08-27,1153,h,38.07,12.82
718,38.1,12.7,2023-08-27,1153,h,38.1,12.7
719,40.72,16.5,2023-08-27,1153,h,40.72,16.5
720,41.02,14.76,2023-08-27,1153,h,41.02,14.76
721,41.76,15.42,2023-08-27,1155,h,41.76,15.42
722,41.5,13.1,2023-08-28,11,h,41.5,13.1
723,41.51,13.1,2023-08-28,11,h,41.51,13.1
724,37.79,13.07,2023-08-28,13,h,37.79,13.07
725,37.84,13.11,2023-08-28,13,h,37.84,13.11
726,37.87,12.79,2023-08-28,13,h,37.87,12.79
727,37.87,12.79,2023-08-28,13,h,37.87,12.79
728,37.91,12.77,2023-08-28,13,h,37.91,12.77
729,37.92,13.32,2023-08-28,13,h,37.92,13.32
730,37.93,12.95,2023-08-28,13,h,37.93,12.95
731,37.78,13.08,2023-08-28,154,h,37.78,13.08
732,37.78,13.08,2023-08-28,154,h,37.78,13.08
733,38.14,14.92,2023-08-28,154,h,38.14,14.92
734,38.14,14.92,2023-08-28,154,h,38.14,14.92
735,39.86,15.83,2023-08-28,154,h,39.86,15.83
736,37.16,14.11,2023-08-29,1255,h,37.16,14.11
737,41.04,16.27,2023-08-29,1257,h,41.04,16.27
738,41.04,16.27,2023-08-29,1257,h,41.04,16.27
739,41.06,16.15,2023-08-29,1257,h,41.06,16.15
740,41.06,16.15,2023-08-29,1257,h,41.06,16.15
741,40.38,18.17,2023-08-30,1058,h,40.38,18.17
742,40.06,18.19,2023-08-30,1238,h,40.06,18.19
743,40.32,16.42,2023-08-30,1238,h,40.32,16.42
744,41.41,15.73,2023-08-31,1041,h,41.41,15.73
745,41.42,15.73,2023-08-31,1041,h,41.42,15.73
746,41.73,15.21,2023-09-01,1202,h,41.73,15.21
747,37.81,13.12,2023-09-03,1121,h,37.81,13.12
748,37.82,13.12,2023-09-03,1121,h,37.82,13.12
749,37.82,13.11,2023-09-03,1121,h,37.82,13.11
750,37.8,13.13,2023-09-03,1304,h,37.8,13.13
751,37.8,13.13,2023-09-03,1304,h,37.8,13.13
752,43.56,10.67,2023-09-03,1304,h,43.56,10.67
753,38.97,17.01,2023-09-04,1104,h,38.97,17.01
754,39.47,16.98,2023-09-04,1104,h,39.47,16.98
755,39.47,16.98,2023-09-04,1104,h,39.47,16.98
756,39.48,16.87,2023-09-04,1104,h,39.48,16.87
757,39.49,16.87,2023-09-04,1104,h,39.49,16.87
758,40.38,16.72,2023-09-04,1104,h,40.38,16.72
759,40.38,16.72,2023-09-04,1104,h,40.38,16.72
760,40.38,16.72,2023-09-04,1104,h,40.38,16.72
761,40.38,16.63,2023-09-04,1104,h,40.38,16.63
762,38.96,16.99,2023-09-04,1244,h,38.96,16.99
763,40.38,16.64,2023-09-04,1244,h,40.38,16.64
764,41.8,15.82,2023-09-04,1246,h,41.8,15.82
765,40.94,14.05,2023-09-05,1045,h,40.94,14.05
766,37.56,15.1,2023-09-05,1225,h,37.56,15.1
767,39.77,15.85,2023-09-05,1225,h,39.77,15.85
768,41.32,13.8,2023-09-08,1130,h,41.32,13.8
769,45.46,10.46,2023-09-08,1312,h,45.46,10.46
770,37.88,12.52,2023-09-09,1110,h,37.88,12.52
771,41.04,14.52,2023-09-09,1110,h,41.04,14.52
772,41.85,12.38,2023-09-09,1113,h,41.85,12.38
773,42.49,12.11,2023-09-09,1113,h,42.49,12.11
774,37.54,13.82,2023-09-09,1251,h,37.54,13.82
775,37.83,12.92,2023-09-09,1251,h,37.83,12.92
776,41.63,15.45,2023-09-09,1253,h,41.63,15.45
777,41.85,12.38,2023-09-09,1253,h,41.85,12.38
778,41.85,12.38,2023-09-09,1253,h,41.85,12.38
779,39.71,16.09,2023-09-10,1051,h,39.71,16.09
780,39.72,16.09,2023-09-10,1051,h,39.72,16.09
781,40.21,17.93,2023-09-10,1051,h,40.21,17.93
782,40.21,17.93,2023-09-10,1051,h,40.21,17.93
783,41.35,15.33,2023-09-10,1051,h,41.35,15.33
784,37.43,13.33,2023-09-10,1232,h,37.43,13.33
785,39.06,16.93,2023-09-10,1232,h,39.06,16.93
786,39.06,16.93,2023-09-10,1232,h,39.06,16.93
787,40.0,18.37,2023-09-10,1232,h,40.0,18.37
788,40.52,16.68,2023-09-10,1232,h,40.52,16.68
789,45.14,9.94,2023-09-12,30,h,45.14,9.94
790,39.77,16.32,2023-09-12,1153,h,39.77,16.32
791,40.63,16.66,2023-09-12,1153,h,40.63,16.66
792,43.92,7.88,2023-09-12,1336,h,43.92,7.88
793,36.74,14.99,2023-09-13,1134,h,36.74,14.99
794,37.39,14.27,2023-09-13,1134,h,37.39,14.27
795,37.15,13.85,2023-09-14,1117,h,37.15,13.85
796,37.15,13.85,2023-09-14,1117,h,37.15,13.85
797,37.24,14.18,2023-09-14,1117,h,37.24,14.18
798,37.25,14.18,2023-09-14,1117,h,37.25,14.18
799,37.25,14.18,2023-09-14,1117,h,37.25,14.18
800,37.32,14.06,2023-09-14,1117,h,37.32,14.06
801,37.33,14.14,2023-09-14,1117,h,37.33,14.14
802,37.39,14.55,2023-09-14,1117,h,37.39,14.55
803,37.45,13.99,2023-09-14,1117,h,37.45,13.99
804,43.97,11.11,2023-09-14,1117,h,43.97,11.11
805,43.97,11.11,2023-09-14,1117,h,43.97,11.11
806,37.33,14.08,2023-09-14,1255,h,37.33,14.08
807,37.47,14.1,2023-09-14,1255,h,37.47,14.1
808,37.63,13.85,2023-09-14,1255,h,37.63,13.85
809,37.83,13.33,2023-09-14,1255,h,37.83,13.33
810,37.84,13.33,2023-09-14,1255,h,37.84,13.33
811,37.88,13.27,2023-09-14,1255,h,37.88,13.27
812,37.88,13.26,2023-09-14,1255,h,37.88,13.26
813,37.88,13.27,2023-09-14,1255,h,37.88,13.27
814,37.88,13.27,2023-09-14,1255,h,37.88,13.27
815,37.89,13.2,2023-09-14,1255,h,37.89,13.2
816,37.89,13.2,2023-09-14,1255,h,37.89,13.2
817,37.89,13.2,2023-09-14,1255,h,37.89,13.2
818,37.89,13.1,2023-09-14,1255,h,37.89,13.1
819,45.48,10.21,2023-09-14,1257,h,45.48,10.21
820,45.48,10.21,2023-09-14,1257,h,45.48,10.21
821,37.42,14.98,2023-09-15,1238,h,37.42,14.98
822,38.96,16.26,2023-09-15,1238,h,38.96,16.26
823,41.57,15.5,2023-09-15,1238,h,41.57,15.5
824,41.66,15.03,2023-09-15,1238,h,41.66,15.03
825,40.7,16.61,2023-09-18,1142,h,40.7,16.61
826,37.48,13.73,2023-09-19,1121,h,37.48,13.73
827,37.72,12.98,2023-09-19,1121,h,37.72,12.98
828,37.79,12.94,2023-09-19,1121,h,37.79,12.94
829,37.97,13.22,2023-09-19,1121,h,37.97,13.22
830,40.62,16.42,2023-09-19,1121,h,40.62,16.42
831,40.75,16.33,2023-09-19,1121,h,40.75,16.33
832,40.82,16.0,2023-09-19,1121,h,40.82,16.0
833,40.99,15.82,2023-09-19,1121,h,40.99,15.82
834,41.27,15.28,2023-09-19,1123,h,41.27,15.28
835,37.21,14.0,2023-09-19,1301,h,37.21,14.0
836,37.21,14.0,2023-09-19,1301,h,37.21,14.0
837,37.9,13.25,2023-09-19,1304,h,37.9,13.25
838,37.9,13.25,2023-09-19,1304,h,37.9,13.25
839,37.91,13.25,2023-09-19,1304,h,37.91,13.25
840,38.19,15.76,2023-09-20,1104,h,38.19,15.76
841,37.96,13.97,2023-09-22,43,h,37.96,13.97
842,37.72,13.37,2023-09-22,1206,h,37.72,13.37
843,37.9,13.07,2023-09-22,1206,h,37.9,13.07
844,37.9,13.07,2023-09-22,1206,h,37.9,13.07
845,37.97,13.94,2023-09-22,1206,h,37.97,13.94
846,37.98,13.94,2023-09-22,1206,h,37.98,13.94
847,38.0,13.97,2023-09-22,1206,h,38.0,13.97
848,38.0,13.97,2023-09-22,1206,h,38.0,13.97
849,38.01,13.97,2023-09-22,1206,h,38.01,13.97
850,38.01,13.97,2023-09-22,1206,h,38.01,13.97
851,38.01,13.98,2023-09-22,1206,h,38.01,13.98
852,38.01,13.98,2023-09-22,1206,h,38.01,13.98
853,38.02,13.16,2023-09-22,1206,h,38.02,13.16
854,38.02,13.41,2023-09-22,1206,h,38.02,13.41
855,38.02,13.15,2023-09-22,1206,h,38.02,13.15
856,38.02,13.43,2023-09-22,1206,h,38.02,13.43
857,38.02,13.16,2023-09-22,1206,h,38.02,13.16
858,38.02,13.16,2023-09-22,1206,h,38.02,13.16
859,38.04,12.76,2023-09-22,1206,h,38.04,12.76
860,38.05,13.47,2023-09-22,1206,h,38.05,13.47
861,38.07,12.74,2023-09-22,1206,h,38.07,12.74
862,38.14,13.26,2023-09-22,1206,h,38.14,13.26
863,38.23,15.71,2023-09-22,1206,h,38.23,15.71
864,38.9,16.38,2023-09-22,1206,h,38.9,16.38
865,39.6,15.89,2023-09-22,1206,h,39.6,15.89
866,38.0,13.99,2023-09-23,26,h,38.0,13.99
867,38.01,13.94,2023-09-23,26,h,38.01,13.94
868,38.01,13.94,2023-09-23,26,h,38.01,13.94
869,38.08,15.05,2023-09-23,26,h,38.08,15.05
870,38.13,15.01,2023-09-23,26,h,38.13,15.01
871,38.13,15.0,2023-09-23,26,h,38.13,15.0
872,38.13,15.25,2023-09-23,26,h,38.13,15.25
873,38.14,15.25,2023-09-23,26,h,38.14,15.25
874,38.14,15.25,2023-09-23,26,h,38.14,15.25
875,38.17,14.92,2023-09-23,26,h,38.17,14.92
876,37.96,13.35,2023-09-23,206,h,37.96,13.35
877,37.18,13.98,2023-09-24,1310,h,37.18,13.98
878,37.63,14.16,2023-09-25,1110,h,37.63,14.16
879,37.45,13.56,2023-09-25,1251,h,37.45,13.56
880,37.62,14.17,2023-09-25,1251,h,37.62,14.17
881,37.63,14.16,2023-09-25,1251,h,37.63,14.16
882,37.63,14.16,2023-09-25,1251,h,37.63,14.16
883,40.38,18.18,2023-09-27,1032,h,40.38,18.18
884,39.88,16.51,2023-09-27,1212,h,39.88,16.51
885,37.44,14.51,2023-09-28,1153,h,37.44,14.51
886,37.78,13.17,2023-09-30,1117,h,37.78,13.17
887,37.99,12.79,2023-09-30,1117,h,37.99,12.79
888,37.72,13.82,2023-09-30,1255,h,37.72,13.82
889,37.98,12.79,2023-09-30,1255,h,37.98,12.79
890,37.93,13.35,2023-10-01,1058,h,37.93,13.35
891,40.03,18.36,2023-10-01,1058,h,40.03,18.36
892,40.45,18.01,2023-10-01,1058,h,40.45,18.01
893,40.51,16.93,2023-10-01,1058,h,40.51,16.93
894,41.05,16.16,2023-10-01,1058,h,41.05,16.16
895,41.27,15.14,2023-10-01,1238,h,41.27,15.14
896,41.27,15.14,2023-10-01,1238,h,41.27,15.14
897,41.6,15.83,2023-10-01,1238,h,41.6,15.83
898,40.23,18.06,2023-10-02,1038,h,40.23,18.06
899,41.63,14.94,2023-10-02,1041,h,41.63,14.94
900,41.64,14.94,2023-10-02,1041,h,41.64,14.94
901,37.58,13.61,2023-10-03,1200,h,37.58,13.61
902,38.8,15.21,2023-10-03,1200,h,38.8,15.21
903,38.79,15.21,2023-10-05,139,h,38.79,15.21
904,37.3,14.42,2023-10-05,1121,h,37.3,14.42
905,37.72,13.04,2023-10-05,1121,h,37.72,13.04
906,37.72,13.04,2023-10-05,1121,h,37.72,13.04
907,37.86,13.22,2023-10-05,1121,h,37.86,13.22
908,37.86,13.23,2023-10-05,1121,h,37.86,13.23
909,37.88,13.14,2023-10-05,1121,h,37.88,13.14
910,37.31,14.42,2023-10-05,1301,h,37.31,14.42
911,37.31,14.42,2023-10-05,1301,h,37.31,14.42
912,38.79,15.21,2023-10-06,122,h,38.79,15.21
913,38.8,15.21,2023-10-06,122,h,38.8,15.21
914,37.65,13.95,2023-10-06,1104,h,37.65,13.95
915,37.65,13.94,2023-10-06,1104,h,37.65,13.94
916,37.65,13.95,2023-10-06,1104,h,37.65,13.95
917,37.66,13.95,2023-10-06,1104,h,37.66,13.95
918,41.06,15.72,2023-10-06,1104,h,41.06,15.72
919,41.47,15.65,2023-10-06,1104,h,41.47,15.65
920,41.17,15.17,2023-10-06,1244,h,41.17,15.17
921,41.17,15.17,2023-10-06,1244,h,41.17,15.17
922,41.29,15.13,2023-10-06,1244,h,41.29,15.13
923,40.45,18.18,2023-10-07,1043,h,40.45,18.18
924,40.45,18.17,2023-10-07,1043,h,40.45,18.17
925,40.46,18.18,2023-10-07,1043,h,40.46,18.18
926,40.45,18.18,2023-10-07,1045,h,40.45,18.18
927,40.46,18.18,2023-10-07,1045,h,40.46,18.18
928,41.29,15.4,2023-10-07,1045,h,41.29,15.4
929,38.79,15.21,2023-10-07,1225,h,38.79,15.21
930,40.51,16.57,2023-10-08,1206,h,40.51,16.57
931,41.56,12.71,2023-10-08,1206,h,41.56,12.71
932,38.79,15.2,2023-10-10,5,h,38.79,15.2
933,38.79,15.21,2023-10-10,145,h,38.79,15.21
934,37.51,13.5,2023-10-10,1128,h,37.51,13.5
935,42.27,13.96,2023-10-10,1130,h,42.27,13.96
936,37.51,13.49,2023-10-10,1308,h,37.51,13.49
937,37.56,13.59,2023-10-10,1308,h,37.56,13.59
938,37.56,13.6,2023-10-10,1308,h,37.56,13.6
939,37.87,13.55,2023-10-10,1308,h,37.87,13.55
940,37.18,14.04,2023-10-11,1110,h,37.18,14.04
941,37.36,13.73,2023-10-11,1110,h,37.36,13.73
942,37.58,13.5,2023-10-11,1110,h,37.58,13.5
943,37.59,13.5,2023-10-11,1110,h,37.59,13.5
944,37.88,12.71,2023-10-11,1110,h,37.88,12.71
945,37.94,15.99,2023-10-11,1110,h,37.94,15.99
946,37.94,15.99,2023-10-11,1110,h,37.94,15.99
947,37.94,15.99,2023-10-11,1110,h,37.94,15.99
948,37.94,15.99,2023-10-11,1110,h,37.94,15.99
949,41.49,13.35,2023-10-11,1110,h,41.49,13.35
950,37.31,14.21,2023-10-11,1251,h,37.31,14.21
951,37.31,14.21,2023-10-11,1251,h,37.31,14.21
952,37.36,13.73,2023-10-11,1251,h,37.36,13.73
953,37.37,13.66,2023-10-11,1251,h,37.37,13.66
954,37.57,13.61,2023-10-11,1251,h,37.57,13.61
955,37.59,13.49,2023-10-11,1251,h,37.59,13.49
956,37.75,13.06,2023-10-11,1251,h,37.75,13.06
957,37.79,13.38,2023-10-11,1251,h,37.79,13.38
958,37.86,12.77,2023-10-11,1251,h,37.86,12.77
959,37.87,12.77,2023-10-11,1251,h,37.87,12.77
960,37.87,12.78,2023-10-11,1251,h,37.87,12.78
961,37.87,12.77,2023-10-11,1251,h,37.87,12.77
962,37.87,12.77,2023-10-11,1251,h,37.87,12.77
963,37.88,12.71,2023-10-11,1251,h,37.88,12.71
964,38.79,15.21,2023-10-11,1251,h,38.79,15.21
965,41.49,13.35,2023-10-11,1251,h,41.49,13.35
966,41.49,13.36,2023-10-11,1251,h,41.49,13.36
967,41.49,13.35,2023-10-11,1251,h,41.49,13.35
968,41.49,13.36,2023-10-11,1251,h,41.49,13.36
969,41.49,13.37,2023-10-11,1251,h,41.49,13.37
970,37.51,14.22,2023-10-12,1049,h,37.51,14.22
971,37.52,14.22,2023-10-12,1049,h,37.52,14.22
972,40.58,16.37,2023-10-12,1051,h,40.58,16.37
973,40.6,17.2,2023-10-12,1051,h,40.6,17.2
974,40.89,15.83,2023-10-12,1051,h,40.89,15.83
975,40.89,15.83,2023-10-12,1051,h,40.89,15.83
976,40.89,15.84,2023-10-12,1051,h,40.89,15.84
977,41.5,13.37,2023-10-12,1051,h,41.5,13.37
978,41.5,13.37,2023-10-12,1051,h,41.5,13.37
979,41.94,12.13,2023-10-12,1051,h,41.94,12.13
980,37.78,13.07,2023-10-12,1232,h,37.78,13.07
981,37.78,13.06,2023-10-12,1232,h,37.78,13.06
982,37.78,13.06,2023-10-12,1232,h,37.78,13.06
983,37.79,13.06,2023-10-12,1232,h,37.79,13.06
984,41.78,15.85,2023-10-12,1232,h,41.78,15.85
985,44.88,10.33,2023-10-15,9,h,44.88,10.33
986,37.79,13.56,2023-10-16,1117,h,37.79,13.56
987,37.82,14.92,2023-10-16,1117,h,37.82,14.92
988,37.08,14.68,2023-10-16,1255,h,37.08,14.68
989,37.97,12.75,2023-10-19,1200,h,37.97,12.75
990,37.98,13.66,2023-10-20,20,h,37.98,13.66
991,37.98,13.66,2023-10-20,200,h,37.98,13.66
992,37.98,13.65,2023-10-20,200,h,37.98,13.65
993,37.98,13.66,2023-10-20,200,h,37.98,13.66
994,38.23,15.45,2023-10-20,200,h,38.23,15.45
995,38.23,15.45,2023-10-20,200,h,38.23,15.45
996,39.62,9.04,2023-10-21,1121,h,39.62,9.04
997,39.22,9.57,2023-10-21,1304,h,39.22,9.57
998,37.16,14.22,2023-10-22,1104,h,37.16,14.22
999,37.32,15.04,2023-10-22,1104,h,37.32,15.04
1000,41.2,15.46,2023-10-22,1104,h,41.2,15.46
1001,41.2,15.45,2023-10-22,1104,h,41.2,15.45
1002,38.06,16.0,2023-10-27,1110,h,38.06,16.0
1003,41.98,14.5,2023-10-27,1253,h,41.98,14.5
1004,38.15,14.88,2023-10-31,154,h,38.15,14.88
1005,37.84,12.99,2023-11-06,1121,h,37.84,12.99
1006,39.92,9.67,2023-11-06,1121,h,39.92,9.67
1007,37.88,13.48,2023-11-06,1301,h,37.88,13.48
1008,37.74,14.99,2023-11-13,1049,h,37.74,14.99
1009,37.74,15.0,2023-11-13,1049,h,37.74,15.0
1010,37.74,15.0,2023-11-13,1049,h,37.74,15.0
1011,37.74,15.0,2023-11-13,1049,h,37.74,15.0
1012,38.99,16.89,2023-11-13,1051,h,38.99,16.89
1013,38.99,16.89,2023-11-13,1051,h,38.99,16.89
1014,37.73,14.99,2023-11-13,1231,h,37.73,14.99
1015,37.74,15.0,2023-11-14,52,h,37.74,15.0
1016,37.76,13.93,2023-11-17,1117,h,37.76,13.93
1017,39.93,9.65,2023-11-17,1117,h,39.93,9.65
1018,37.98,16.03,2023-11-18,1238,h,37.98,16.03
1019,39.09,17.0,2023-11-18,1238,h,39.09,17.0
1020,45.14,9.94,2023-12-22,217,h,45.14,9.94
1021,45.13,7.31,2023-12-23,1144,h,45.13,7.31
1022,45.13,7.31,2023-12-23,1325,h,45.13,7.31
1023,45.13,7.31,2023-12-23,1325,h,45.13,7.31
1024,41.56,15.19,2023-12-24,1303,h,41.56,15.19
1025,41.56,15.19,2023-12-24,1303,h,41.56,15.19
1026,45.14,9.95,2024-01-20,1257,h,45.14,9.95
1027,45.16,7.32,2024-01-24,1325,h,45.16,7.32
1028,45.16,7.32,2024-01-24,1325,h,45.16,7.32
1029,37.72,14.61,2024-01-25,1301,h,37.72,14.61
1030,38.02,14.95,2024-02-06,1057,h,38.02,14.95
1031,37.86,14.46,2024-02-16,1110,h,37.86,14.46
1032,45.15,9.94,2024-03-06,30,h,45.15,9.94
1033,45.15,9.94,2024-03-19,1113,h,45.15,9.94
1034,45.15,9.95,2024-03-19,1113,h,45.15,9.95
1035,38.04,14.71,2024-03-24,1117,h,38.04,14.71
1036,37.99,14.84,2024-03-30,1104,h,37.99,14.84
1037,37.99,14.33,2024-03-30,1104,h,37.99,14.33
1038,39.38,16.89,2024-03-30,1104,h,39.38,16.89
1039,41.39,13.69,2024-03-30,1104,h,41.39,13.69
1040,39.61,9.59,2024-04-03,1130,h,39.61,9.59
1041,39.09,16.26,2024-04-04,1251,h,39.09,16.26
1042,39.29,16.95,2024-04-04,1251,h,39.29,16.95
1043,37.97,15.9,2024-04-13,1140,h,37.97,15.9
1044,37.49,14.78,2024-04-20,1110,h,37.49,14.78
1045,37.44,15.03,2024-04-30,1,h,37.44,15.03
1046,41.95,15.0,2024-05-04,1147,h,41.95,15.0
1047,41.88,15.84,2024-05-17,1104,h,41.88,15.84
1048,41.88,15.84,2024-05-17,1104,h,41.88,15.84
1049,44.94,7.51,2024-05-21,1310,h,44.94,7.51
1050,37.07,15.22,2024-05-22,1110,h,37.07,15.22
1051,39.88,18.27,2024-05-22,1251,h,39.88,18.27
1052,39.02,16.88,2024-05-23,1232,h,39.02,16.88
1053,37.26,13.86,2024-06-06,1308,h,37.26,13.86
1054,38.38,16.44,2024-06-07,1108,h,38.38,16.44
1055,37.58,12.74,2024-06-07,1251,h,37.58,12.74
1056,39.95,18.07,2024-06-07,1251,h,39.95,18.07
1057,39.95,18.07,2024-06-07,1251,h,39.95,18.07
1058,37.88,15.16,2024-06-08,1049,h,37.88,15.16
1059,37.88,15.16,2024-06-08,1049,h,37.88,15.16
1060,38.43,16.51,2024-06-08,1049,h,38.43,16.51
1061,38.44,16.51,2024-06-08,1049,h,38.44,16.51
1062,38.44,16.51,2024-06-08,1049,h,38.44,16.51
1063,40.16,18.12,2024-06-08,1049,h,40.16,18.12
1064,40.28,18.14,2024-06-08,1049,h,40.28,18.14
1065,40.4,18.12,2024-06-08,1049,h,40.4,18.12
1066,41.34,15.68,2024-06-08,1051,h,41.34,15.68
1067,41.34,15.68,2024-06-08,1051,h,41.34,15.68
1068,39.58,16.77,2024-06-08,1229,h,39.58,16.77
1069,39.58,16.78,2024-06-08,1229,h,39.58,16.78
1070,40.16,18.12,2024-06-08,1232,h,40.16,18.12
1071,40.16,18.12,2024-06-08,1232,h,40.16,18.12
1072,40.28,18.13,2024-06-08,1232,h,40.28,18.13
1073,40.41,18.12,2024-06-08,1232,h,40.41,18.12
1074,40.43,17.39,2024-06-08,1232,h,40.43,17.39
1075,40.43,17.39,2024-06-08,1232,h,40.43,17.39
1076,40.57,17.37,2024-06-08,1232,h,40.57,17.37
1077,37.08,14.52,2024-06-09,1212,h,37.08,14.52
1078,40.38,18.08,2024-06-09,1212,h,40.38,18.08
1079,41.02,16.21,2024-06-12,1255,h,41.02,16.21
1080,41.02,16.21,2024-06-12,1255,h,41.02,16.21
1081,40.22,18.2,2024-06-14,1217,h,40.22,18.2
